,Year,team,W,L,T,%,PF,PA
0,2003,New England Patriots,14,2,0,0.875,348,238
1,2003,Miami Dolphins,10,6,0,0.625,311,261
2,2003,Buffalo Bills,6,10,0,0.375,243,279
3,2003,New York Jets,6,10,0,0.375,283,299
0,2003,Philadelphia Eagles,12,4,0,0.75,374,287
1,2003,Dallas Cowboys,10,6,0,0.625,289,260
2,2003,Washington Redskins,5,11,0,0.313,287,372
3,2003,New York Giants,4,12,0,0.25,243,387
0,2003,Baltimore Ravens,10,6,0,0.625,391,281
1,2003,Cincinnati Bengals,8,8,0,0.5,346,384
2,2003,Pittsburgh Steelers,6,10,0,0.375,300,327
3,2003,Cleveland Browns,5,11,0,0.313,254,322
0,2003,Green Bay Packers,10,6,0,0.625,442,307
1,2003,Minnesota Vikings,9,7,0,0.563,416,353
2,2003,Chicago Bears,7,9,0,0.438,283,346
3,2003,Detroit Lions,5,11,0,0.313,270,379
0,2003,Indianapolis Colts,12,4,0,0.75,447,336
1,2003,Tennessee Titans,12,4,0,0.75,435,324
2,2003,Jacksonville Jaguars,5,11,0,0.313,276,331
3,2003,Houston Texans,5,11,0,0.313,255,380
0,2003,Carolina Panthers,11,5,0,0.688,325,304
1,2003,New Orleans Saints,8,8,0,0.5,340,326
2,2003,Tampa Bay Buccaneers,7,9,0,0.438,301,264
3,2003,Atlanta Falcons,5,11,0,0.313,299,422
0,2003,Kansas City Chiefs,13,3,0,0.813,484,332
1,2003,Denver Broncos,10,6,0,0.625,381,301
2,2003,Oakland Raiders,4,12,0,0.25,270,379
3,2003,San Diego Chargers,4,12,0,0.25,313,441
0,2003,St. Louis Rams,12,4,0,0.75,447,328
1,2003,Seattle Seahawks,10,6,0,0.625,404,327
2,2003,San Francisco 49ers,7,9,0,0.438,384,337
3,2003,Arizona Cardinals,4,12,0,0.25,225,452
0,2004,New England Patriots,14,2,0,0.875,437,260
1,2004,New York Jets,10,6,0,0.625,333,261
2,2004,Buffalo Bills,9,7,0,0.563,395,284
3,2004,Miami Dolphins,4,12,0,0.25,275,354
0,2004,Philadelphia Eagles,13,3,0,0.813,386,260
1,2004,New York Giants,6,10,0,0.375,303,347
2,2004,Dallas Cowboys,6,10,0,0.375,293,405
3,2004,Washington Redskins,6,10,0,0.375,240,265
0,2004,Pittsburgh Steelers,15,1,0,0.938,372,251
1,2004,Baltimore Ravens,9,7,0,0.563,317,268
2,2004,Cincinnati Bengals,8,8,0,0.5,374,372
3,2004,Cleveland Browns,4,12,0,0.25,276,390
0,2004,Green Bay Packers,10,6,0,0.625,424,380
1,2004,Minnesota Vikings,8,8,0,0.5,405,395
2,2004,Detroit Lions,6,10,0,0.375,296,350
3,2004,Chicago Bears,5,11,0,0.313,231,331
0,2004,Indianapolis Colts,12,4,0,0.75,522,351
1,2004,Jacksonville Jaguars,9,7,0,0.563,261,280
2,2004,Houston Texans,7,9,0,0.438,309,339
3,2004,Tennessee Titans,5,11,0,0.313,344,439
0,2004,Atlanta Falcons,11,5,0,0.688,340,337
1,2004,New Orleans Saints,8,8,0,0.5,348,405
2,2004,Carolina Panthers,7,9,0,0.438,355,339
3,2004,Tampa Bay Buccaneers,5,11,0,0.313,301,304
0,2004,San Diego Chargers,12,4,0,0.75,446,313
1,2004,Denver Broncos,10,6,0,0.625,381,304
2,2004,Kansas City Chiefs,7,9,0,0.438,483,435
3,2004,Oakland Raiders,5,11,0,0.313,320,442
0,2004,Seattle Seahawks,9,7,0,0.563,371,373
1,2004,St. Louis Rams,8,8,0,0.5,319,392
2,2004,Arizona Cardinals,6,10,0,0.375,284,322
3,2004,San Francisco 49ers,2,14,0,0.125,259,452
0,2005,New England Patriots,10,6,0,0.625,379,338
1,2005,Miami Dolphins,9,7,0,0.563,318,317
2,2005,Buffalo Bills,5,11,0,0.313,271,367
3,2005,New York Jets,4,12,0,0.25,240,355
0,2005,New York Giants,11,5,0,0.688,422,314
1,2005,Washington Redskins,10,6,0,0.625,359,293
2,2005,Dallas Cowboys,9,7,0,0.563,325,308
3,2005,Philadelphia Eagles,6,10,0,0.375,310,388
0,2005,Cincinnati Bengals,11,5,0,0.688,421,350
1,2005,Pittsburgh Steelers,11,5,0,0.688,389,258
2,2005,Baltimore Ravens,6,10,0,0.375,265,299
3,2005,Cleveland Browns,6,10,0,0.375,232,301
0,2005,Chicago Bears,11,5,0,0.688,260,202
1,2005,Minnesota Vikings,9,7,0,0.563,306,344
2,2005,Detroit Lions,5,11,0,0.313,254,345
3,2005,Green Bay Packers,4,12,0,0.25,298,344
0,2005,Indianapolis Colts,14,2,0,0.875,439,247
1,2005,Jacksonville Jaguars,12,4,0,0.75,361,269
2,2005,Tennessee Titans,4,12,0,0.25,299,421
3,2005,Houston Texans,2,14,0,0.125,260,431
0,2005,Tampa Bay Buccaneers,11,5,0,0.688,300,274
1,2005,Carolina Panthers,11,5,0,0.688,391,259
2,2005,Atlanta Falcons,8,8,0,0.5,351,341
3,2005,New Orleans Saints,3,13,0,0.188,235,398
0,2005,Denver Broncos,13,3,0,0.813,395,258
1,2005,Kansas City Chiefs,10,6,0,0.625,403,325
2,2005,San Diego Chargers,9,7,0,0.563,418,312
3,2005,Oakland Raiders,4,12,0,0.25,290,383
0,2005,Seattle Seahawks,13,3,0,0.813,452,271
1,2005,St. Louis Rams,6,10,0,0.375,363,429
2,2005,Arizona Cardinals,5,11,0,0.313,311,387
3,2005,San Francisco 49ers,4,12,0,0.25,239,428
0,2006,New England Patriots,12,4,0,0.75,385,237
1,2006,New York Jets,10,6,0,0.625,316,295
2,2006,Buffalo Bills,7,9,0,0.438,300,311
3,2006,Miami Dolphins,6,10,0,0.375,260,283
0,2006,Philadelphia Eagles,10,6,0,0.625,398,328
1,2006,Dallas Cowboys,9,7,0,0.563,425,350
2,2006,New York Giants,8,8,0,0.5,355,362
3,2006,Washington Redskins,5,11,0,0.313,307,376
0,2006,Baltimore Ravens,13,3,0,0.813,353,201
1,2006,Cincinnati Bengals,8,8,0,0.5,373,331
2,2006,Pittsburgh Steelers,8,8,0,0.5,353,315
3,2006,Cleveland Browns,4,12,0,0.25,238,356
0,2006,Chicago Bears,13,3,0,0.813,427,255
1,2006,Green Bay Packers,8,8,0,0.5,301,366
2,2006,Minnesota Vikings,6,10,0,0.375,282,327
3,2006,Detroit Lions,3,13,0,0.188,305,398
0,2006,Indianapolis Colts,12,4,0,0.75,427,360
1,2006,Tennessee Titans,8,8,0,0.5,324,400
2,2006,Jacksonville Jaguars,8,8,0,0.5,371,274
3,2006,Houston Texans,6,10,0,0.375,267,366
0,2006,New Orleans Saints,10,6,0,0.625,413,322
1,2006,Carolina Panthers,8,8,0,0.5,270,305
2,2006,Atlanta Falcons,7,9,0,0.438,292,328
3,2006,Tampa Bay Buccaneers,4,12,0,0.25,211,353
0,2006,San Diego Chargers,14,2,0,0.875,492,303
1,2006,Kansas City Chiefs,9,7,0,0.563,331,315
2,2006,Denver Broncos,9,7,0,0.563,319,305
3,2006,Oakland Raiders,2,14,0,0.125,168,332
0,2006,Seattle Seahawks,9,7,0,0.563,335,341
1,2006,St. Louis Rams,8,8,0,0.5,367,381
2,2006,San Francisco 49ers,7,9,0,0.438,298,412
3,2006,Arizona Cardinals,5,11,0,0.313,314,389
0,2007,New England Patriots,16,0,0,1.0,589,274
1,2007,Buffalo Bills,7,9,0,0.438,252,354
2,2007,New York Jets,4,12,0,0.25,268,355
3,2007,Miami Dolphins,1,15,0,0.063,267,437
0,2007,Dallas Cowboys,13,3,0,0.813,455,325
1,2007,New York Giants,10,6,0,0.625,373,351
2,2007,Washington Redskins,9,7,0,0.563,334,310
3,2007,Philadelphia Eagles,8,8,0,0.5,336,300
0,2007,Pittsburgh Steelers,10,6,0,0.625,393,269
1,2007,Cleveland Browns,10,6,0,0.625,402,382
2,2007,Cincinnati Bengals,7,9,0,0.438,380,385
3,2007,Baltimore Ravens,5,11,0,0.313,275,384
0,2007,Green Bay Packers,13,3,0,0.813,435,291
1,2007,Minnesota Vikings,8,8,0,0.5,365,311
2,2007,Detroit Lions,7,9,0,0.438,346,444
3,2007,Chicago Bears,7,9,0,0.438,334,348
0,2007,Indianapolis Colts,13,3,0,0.813,450,262
1,2007,Jacksonville Jaguars,11,5,0,0.688,411,304
2,2007,Tennessee Titans,10,6,0,0.625,301,297
3,2007,Houston Texans,8,8,0,0.5,379,384
0,2007,Tampa Bay Buccaneers,9,7,0,0.563,334,270
1,2007,Carolina Panthers,7,9,0,0.438,267,347
2,2007,New Orleans Saints,7,9,0,0.438,379,388
3,2007,Atlanta Falcons,4,12,0,0.25,259,414
0,2007,San Diego Chargers,11,5,0,0.688,412,284
1,2007,Denver Broncos,7,9,0,0.438,320,409
2,2007,Kansas City Chiefs,4,12,0,0.25,226,335
3,2007,Oakland Raiders,4,12,0,0.25,283,398
0,2007,Seattle Seahawks,10,6,0,0.625,393,291
1,2007,Arizona Cardinals,8,8,0,0.5,404,399
2,2007,San Francisco 49ers,5,11,0,0.313,219,364
3,2007,St. Louis Rams,3,13,0,0.188,263,438
0,2008,Miami Dolphins,11,5,0,0.688,345,317
1,2008,New England Patriots,11,5,0,0.688,410,309
2,2008,New York Jets,9,7,0,0.563,405,356
3,2008,Buffalo Bills,7,9,0,0.438,336,342
0,2008,New York Giants,12,4,0,0.75,427,294
1,2008,Philadelphia Eagles,9,6,1,0.594,416,289
2,2008,Dallas Cowboys,9,7,0,0.563,362,365
3,2008,Washington Redskins,8,8,0,0.5,265,296
0,2008,Pittsburgh Steelers,12,4,0,0.75,347,223
1,2008,Baltimore Ravens,11,5,0,0.688,385,244
2,2008,Cincinnati Bengals,4,11,1,0.281,204,364
3,2008,Cleveland Browns,4,12,0,0.25,232,350
0,2008,Minnesota Vikings,10,6,0,0.625,379,333
1,2008,Chicago Bears,9,7,0,0.563,375,350
2,2008,Green Bay Packers,6,10,0,0.375,419,380
3,2008,Detroit Lions,0,16,0,0.0,268,517
0,2008,Tennessee Titans,13,3,0,0.813,375,234
1,2008,Indianapolis Colts,12,4,0,0.75,377,298
2,2008,Houston Texans,8,8,0,0.5,366,394
3,2008,Jacksonville Jaguars,5,11,0,0.313,302,367
0,2008,Carolina Panthers,12,4,0,0.75,414,329
1,2008,Atlanta Falcons,11,5,0,0.688,391,325
2,2008,Tampa Bay Buccaneers,9,7,0,0.563,361,323
3,2008,New Orleans Saints,8,8,0,0.5,463,393
0,2008,San Diego Chargers,8,8,0,0.5,439,347
1,2008,Denver Broncos,8,8,0,0.5,370,448
2,2008,Oakland Raiders,5,11,0,0.313,263,388
3,2008,Kansas City Chiefs,2,14,0,0.125,291,440
0,2008,Arizona Cardinals,9,7,0,0.563,427,426
1,2008,San Francisco 49ers,7,9,0,0.438,339,381
2,2008,Seattle Seahawks,4,12,0,0.25,294,392
3,2008,St. Louis Rams,2,14,0,0.125,232,465
0,2009,New England Patriots,10,6,0,0.625,427,285
1,2009,New York Jets,9,7,0,0.563,348,236
2,2009,Miami Dolphins,7,9,0,0.438,360,390
3,2009,Buffalo Bills,6,10,0,0.375,258,326
0,2009,Dallas Cowboys,11,5,0,0.688,361,250
1,2009,Philadelphia Eagles,11,5,0,0.688,429,337
2,2009,New York Giants,8,8,0,0.5,402,427
3,2009,Washington Redskins,4,12,0,0.25,266,336
0,2009,Cincinnati Bengals,10,6,0,0.625,305,291
1,2009,Baltimore Ravens,9,7,0,0.563,391,261
2,2009,Pittsburgh Steelers,9,7,0,0.563,368,324
3,2009,Cleveland Browns,5,11,0,0.313,245,375
0,2009,Minnesota Vikings,12,4,0,0.75,470,312
1,2009,Green Bay Packers,11,5,0,0.688,461,297
2,2009,Chicago Bears,7,9,0,0.438,327,375
3,2009,Detroit Lions,2,14,0,0.125,262,494
0,2009,Indianapolis Colts,14,2,0,0.875,416,307
1,2009,Houston Texans,9,7,0,0.563,388,333
2,2009,Tennessee Titans,8,8,0,0.5,354,402
3,2009,Jacksonville Jaguars,7,9,0,0.438,290,380
0,2009,New Orleans Saints,13,3,0,0.813,510,341
1,2009,Atlanta Falcons,9,7,0,0.563,363,325
2,2009,Carolina Panthers,8,8,0,0.5,315,308
3,2009,Tampa Bay Buccaneers,3,13,0,0.188,244,400
0,2009,San Diego Chargers,13,3,0,0.813,454,320
1,2009,Denver Broncos,8,8,0,0.5,326,324
2,2009,Oakland Raiders,5,11,0,0.313,197,379
3,2009,Kansas City Chiefs,4,12,0,0.25,294,424
0,2009,Arizona Cardinals,10,6,0,0.625,375,325
1,2009,San Francisco 49ers,8,8,0,0.5,330,281
2,2009,Seattle Seahawks,5,11,0,0.313,280,390
3,2009,St. Louis Rams,1,15,0,0.063,175,436
0,2010,New England Patriots,14,2,0,0.875,518,313
1,2010,New York Jets,11,5,0,0.688,367,304
2,2010,Miami Dolphins,7,9,0,0.438,273,333
3,2010,Buffalo Bills,4,12,0,0.25,283,425
0,2010,Philadelphia Eagles,10,6,0,0.625,439,377
1,2010,New York Giants,10,6,0,0.625,394,347
2,2010,Dallas Cowboys,6,10,0,0.375,394,436
3,2010,Washington Redskins,6,10,0,0.375,302,377
0,2010,Pittsburgh Steelers,12,4,0,0.75,375,232
1,2010,Baltimore Ravens,12,4,0,0.75,357,270
2,2010,Cleveland Browns,5,11,0,0.313,271,332
3,2010,Cincinnati Bengals,4,12,0,0.25,322,395
0,2010,Chicago Bears,11,5,0,0.688,334,286
1,2010,Green Bay Packers,10,6,0,0.625,388,240
2,2010,Detroit Lions,6,10,0,0.375,362,369
3,2010,Minnesota Vikings,6,10,0,0.375,281,348
0,2010,Indianapolis Colts,10,6,0,0.625,435,388
1,2010,Jacksonville Jaguars,8,8,0,0.5,353,419
2,2010,Houston Texans,6,10,0,0.375,390,427
3,2010,Tennessee Titans,6,10,0,0.375,356,339
0,2010,Atlanta Falcons,13,3,0,0.813,414,288
1,2010,New Orleans Saints,11,5,0,0.688,384,307
2,2010,Tampa Bay Buccaneers,10,6,0,0.625,341,318
3,2010,Carolina Panthers,2,14,0,0.125,196,408
0,2010,Kansas City Chiefs,10,6,0,0.625,366,326
1,2010,San Diego Chargers,9,7,0,0.563,441,322
2,2010,Oakland Raiders,8,8,0,0.5,410,371
3,2010,Denver Broncos,4,12,0,0.25,344,471
0,2010,Seattle Seahawks,7,9,0,0.438,310,407
1,2010,St. Louis Rams,7,9,0,0.438,289,328
2,2010,San Francisco 49ers,6,10,0,0.375,305,346
3,2010,Arizona Cardinals,5,11,0,0.313,289,434
0,2011,New England Patriots,13,3,0,0.813,513,342
1,2011,New York Jets,8,8,0,0.5,377,363
2,2011,Miami Dolphins,6,10,0,0.375,329,313
3,2011,Buffalo Bills,6,10,0,0.375,372,434
0,2011,New York Giants,9,7,0,0.563,394,400
1,2011,Philadelphia Eagles,8,8,0,0.5,396,328
2,2011,Dallas Cowboys,8,8,0,0.5,369,347
3,2011,Washington Redskins,5,11,0,0.313,288,367
0,2011,Baltimore Ravens,12,4,0,0.75,378,266
1,2011,Pittsburgh Steelers,12,4,0,0.75,325,227
2,2011,Cincinnati Bengals,9,7,0,0.563,344,323
3,2011,Cleveland Browns,4,12,0,0.25,218,307
0,2011,Green Bay Packers,15,1,0,0.938,560,359
1,2011,Detroit Lions,10,6,0,0.625,474,387
2,2011,Chicago Bears,8,8,0,0.5,353,341
3,2011,Minnesota Vikings,3,13,0,0.188,340,449
0,2011,Houston Texans,10,6,0,0.625,381,278
1,2011,Tennessee Titans,9,7,0,0.563,325,317
2,2011,Jacksonville Jaguars,5,11,0,0.313,243,329
3,2011,Indianapolis Colts,2,14,0,0.125,243,430
0,2011,New Orleans Saints,13,3,0,0.813,547,339
1,2011,Atlanta Falcons,10,6,0,0.625,402,350
2,2011,Carolina Panthers,6,10,0,0.375,406,429
3,2011,Tampa Bay Buccaneers,4,12,0,0.25,287,494
0,2011,Denver Broncos,8,8,0,0.5,309,390
1,2011,San Diego Chargers,8,8,0,0.5,406,377
2,2011,Oakland Raiders,8,8,0,0.5,359,433
3,2011,Kansas City Chiefs,7,9,0,0.438,212,338
0,2011,San Francisco 49ers,13,3,0,0.813,380,229
1,2011,Arizona Cardinals,8,8,0,0.5,312,348
2,2011,Seattle Seahawks,7,9,0,0.438,321,315
3,2011,St. Louis Rams,2,14,0,0.125,193,407
0,2012,New England Patriots,12,4,0,0.75,557,331
1,2012,Miami Dolphins,7,9,0,0.438,288,317
2,2012,New York Jets,6,10,0,0.375,281,375
3,2012,Buffalo Bills,6,10,0,0.375,344,435
0,2012,Washington Redskins,10,6,0,0.625,436,388
1,2012,New York Giants,9,7,0,0.563,429,344
2,2012,Dallas Cowboys,8,8,0,0.5,376,400
3,2012,Philadelphia Eagles,4,12,0,0.25,280,444
0,2012,Baltimore Ravens,10,6,0,0.625,398,344
1,2012,Cincinnati Bengals,10,6,0,0.625,391,320
2,2012,Pittsburgh Steelers,8,8,0,0.5,336,314
3,2012,Cleveland Browns,5,11,0,0.313,302,368
0,2012,Green Bay Packers,11,5,0,0.688,433,336
1,2012,Minnesota Vikings,10,6,0,0.625,379,348
2,2012,Chicago Bears,10,6,0,0.625,375,277
3,2012,Detroit Lions,4,12,0,0.25,372,437
0,2012,Houston Texans,12,4,0,0.75,416,331
1,2012,Indianapolis Colts,11,5,0,0.688,357,387
2,2012,Tennessee Titans,6,10,0,0.375,330,471
3,2012,Jacksonville Jaguars,2,14,0,0.125,255,444
0,2012,Atlanta Falcons,13,3,0,0.813,419,299
1,2012,Carolina Panthers,7,9,0,0.438,357,363
2,2012,New Orleans Saints,7,9,0,0.438,461,454
3,2012,Tampa Bay Buccaneers,7,9,0,0.438,389,394
0,2012,Denver Broncos,13,3,0,0.813,481,289
1,2012,San Diego Chargers,7,9,0,0.438,350,350
2,2012,Oakland Raiders,4,12,0,0.25,290,443
3,2012,Kansas City Chiefs,2,14,0,0.125,211,425
0,2012,San Francisco 49ers,11,4,1,0.719,397,273
1,2012,Seattle Seahawks,11,5,0,0.688,412,245
2,2012,St. Louis Rams,7,8,1,0.469,299,348
3,2012,Arizona Cardinals,5,11,0,0.313,250,357
0,2013,New England Patriots,12,4,0,0.75,444,338
1,2013,New York Jets,8,8,0,0.5,290,387
2,2013,Miami Dolphins,8,8,0,0.5,317,335
3,2013,Buffalo Bills,6,10,0,0.375,339,388
0,2013,Philadelphia Eagles,10,6,0,0.625,442,382
1,2013,Dallas Cowboys,8,8,0,0.5,439,432
2,2013,New York Giants,7,9,0,0.438,294,383
3,2013,Washington Redskins,3,13,0,0.188,334,478
0,2013,Cincinnati Bengals,11,5,0,0.688,430,305
1,2013,Pittsburgh Steelers,8,8,0,0.5,379,370
2,2013,Baltimore Ravens,8,8,0,0.5,320,352
3,2013,Cleveland Browns,4,12,0,0.25,308,406
0,2013,Green Bay Packers,8,7,1,0.531,417,428
1,2013,Chicago Bears,8,8,0,0.5,445,478
2,2013,Detroit Lions,7,9,0,0.438,395,376
3,2013,Minnesota Vikings,5,10,1,0.344,391,480
0,2013,Indianapolis Colts,11,5,0,0.688,391,336
1,2013,Tennessee Titans,7,9,0,0.438,362,381
2,2013,Jacksonville Jaguars,4,12,0,0.25,247,449
3,2013,Houston Texans,2,14,0,0.125,276,428
0,2013,Carolina Panthers,12,4,0,0.75,366,241
1,2013,New Orleans Saints,11,5,0,0.688,414,304
2,2013,Atlanta Falcons,4,12,0,0.25,353,443
3,2013,Tampa Bay Buccaneers,4,12,0,0.25,288,389
0,2013,Denver Broncos,13,3,0,0.813,606,399
1,2013,Kansas City Chiefs,11,5,0,0.688,430,305
2,2013,San Diego Chargers,9,7,0,0.563,396,348
3,2013,Oakland Raiders,4,12,0,0.25,322,453
0,2013,Seattle Seahawks,13,3,0,0.813,417,231
1,2013,San Francisco 49ers,12,4,0,0.75,406,272
2,2013,Arizona Cardinals,10,6,0,0.625,379,324
3,2013,St. Louis Rams,7,9,0,0.438,348,364
0,2014,New England Patriots,12,4,0,0.75,468,313
1,2014,Buffalo Bills,9,7,0,0.563,343,289
2,2014,Miami Dolphins,8,8,0,0.5,388,373
3,2014,New York Jets,4,12,0,0.25,283,401
0,2014,Dallas Cowboys,12,4,0,0.75,467,352
1,2014,Philadelphia Eagles,10,6,0,0.625,474,400
2,2014,New York Giants,6,10,0,0.375,380,400
3,2014,Washington Redskins,4,12,0,0.25,301,438
0,2014,Pittsburgh Steelers,11,5,0,0.688,436,368
1,2014,Cincinnati Bengals,10,5,1,0.656,365,344
2,2014,Baltimore Ravens,10,6,0,0.625,409,302
3,2014,Cleveland Browns,7,9,0,0.438,299,337
0,2014,Green Bay Packers,12,4,0,0.75,486,348
1,2014,Detroit Lions,11,5,0,0.688,321,282
2,2014,Minnesota Vikings,7,9,0,0.438,325,343
3,2014,Chicago Bears,5,11,0,0.313,319,442
0,2014,Indianapolis Colts,11,5,0,0.688,458,369
1,2014,Houston Texans,9,7,0,0.563,372,307
2,2014,Jacksonville Jaguars,3,13,0,0.188,249,412
3,2014,Tennessee Titans,2,14,0,0.125,254,438
0,2014,Carolina Panthers,7,8,1,0.469,339,374
1,2014,New Orleans Saints,7,9,0,0.438,401,424
2,2014,Atlanta Falcons,6,10,0,0.375,381,417
3,2014,Tampa Bay Buccaneers,2,14,0,0.125,277,410
0,2014,Denver Broncos,12,4,0,0.75,482,354
1,2014,Kansas City Chiefs,9,7,0,0.563,353,281
2,2014,San Diego Chargers,9,7,0,0.563,348,348
3,2014,Oakland Raiders,3,13,0,0.188,253,452
0,2014,Seattle Seahawks,12,4,0,0.75,394,254
1,2014,Arizona Cardinals,11,5,0,0.688,310,299
2,2014,San Francisco 49ers,8,8,0,0.5,306,340
3,2014,St. Louis Rams,6,10,0,0.375,324,354
0,2015,New England Patriots,12,4,0,0.75,465,315
1,2015,New York Jets,10,6,0,0.625,387,314
2,2015,Buffalo Bills,8,8,0,0.5,379,359
3,2015,Miami Dolphins,6,10,0,0.375,310,389
0,2015,Washington Redskins,9,7,0,0.563,388,379
1,2015,Philadelphia Eagles,7,9,0,0.438,377,430
2,2015,New York Giants,6,10,0,0.375,420,442
3,2015,Dallas Cowboys,4,12,0,0.25,275,374
0,2015,Cincinnati Bengals,12,4,0,0.75,419,279
1,2015,Pittsburgh Steelers,10,6,0,0.625,423,319
2,2015,Baltimore Ravens,5,11,0,0.313,328,401
3,2015,Cleveland Browns,3,13,0,0.188,278,432
0,2015,Minnesota Vikings,11,5,0,0.688,365,302
1,2015,Green Bay Packers,10,6,0,0.625,368,323
2,2015,Detroit Lions,7,9,0,0.438,358,400
3,2015,Chicago Bears,6,10,0,0.375,335,397
0,2015,Houston Texans,9,7,0,0.563,339,313
1,2015,Indianapolis Colts,8,8,0,0.5,333,408
2,2015,Jacksonville Jaguars,5,11,0,0.313,376,448
3,2015,Tennessee Titans,3,13,0,0.188,299,423
0,2015,Carolina Panthers,15,1,0,0.938,500,308
1,2015,Atlanta Falcons,8,8,0,0.5,339,345
2,2015,New Orleans Saints,7,9,0,0.438,408,476
3,2015,Tampa Bay Buccaneers,6,10,0,0.375,342,417
0,2015,Denver Broncos,12,4,0,0.75,355,296
1,2015,Kansas City Chiefs,11,5,0,0.688,405,287
2,2015,Oakland Raiders,7,9,0,0.438,359,399
3,2015,San Diego Chargers,4,12,0,0.25,320,398
0,2015,Arizona Cardinals,13,3,0,0.813,489,313
1,2015,Seattle Seahawks,10,6,0,0.625,423,277
2,2015,St. Louis Rams,7,9,0,0.438,280,330
3,2015,San Francisco 49ers,5,11,0,0.313,238,387
0,2016,New England Patriots,14,2,0,0.875,441,250
1,2016,Miami Dolphins,10,6,0,0.625,363,380
2,2016,Buffalo Bills,7,9,0,0.438,399,378
3,2016,New York Jets,5,11,0,0.313,275,409
0,2016,Dallas Cowboys,13,3,0,0.813,421,306
1,2016,New York Giants,11,5,0,0.688,310,284
2,2016,Washington Redskins,8,7,1,0.531,396,383
3,2016,Philadelphia Eagles,7,9,0,0.438,367,331
0,2016,Pittsburgh Steelers,11,5,0,0.688,399,327
1,2016,Baltimore Ravens,8,8,0,0.5,343,321
2,2016,Cincinnati Bengals,6,9,1,0.406,325,315
3,2016,Cleveland Browns,1,15,0,0.063,264,452
0,2016,Green Bay Packers,10,6,0,0.625,432,388
1,2016,Detroit Lions,9,7,0,0.563,346,358
2,2016,Minnesota Vikings,8,8,0,0.5,327,307
3,2016,Chicago Bears,3,13,0,0.188,279,399
0,2016,Houston Texans,9,7,0,0.563,279,328
1,2016,Tennessee Titans,9,7,0,0.563,381,378
2,2016,Indianapolis Colts,8,8,0,0.5,411,392
3,2016,Jacksonville Jaguars,3,13,0,0.188,318,400
0,2016,Atlanta Falcons,11,5,0,0.688,540,406
1,2016,Tampa Bay Buccaneers,9,7,0,0.563,354,369
2,2016,New Orleans Saints,7,9,0,0.438,469,454
3,2016,Carolina Panthers,6,10,0,0.375,369,402
0,2016,Kansas City Chiefs,12,4,0,0.75,389,311
1,2016,Oakland Raiders,12,4,0,0.75,416,385
2,2016,Denver Broncos,9,7,0,0.563,333,297
3,2016,San Diego Chargers,5,11,0,0.313,410,423
0,2016,Seattle Seahawks,10,5,1,0.656,354,292
1,2016,Arizona Cardinals,7,8,1,0.469,418,362
2,2016,Los Angeles Rams,4,12,0,0.25,224,394
3,2016,San Francisco 49ers,2,14,0,0.125,309,480
0,2017,New England Patriots,13,3,0,0.813,458,296
1,2017,Buffalo Bills,9,7,0,0.563,302,359
2,2017,Miami Dolphins,6,10,0,0.375,281,393
3,2017,New York Jets,5,11,0,0.313,298,382
0,2017,Philadelphia Eagles,13,3,0,0.813,457,295
1,2017,Dallas Cowboys,9,7,0,0.563,354,332
2,2017,Washington Redskins,7,9,0,0.438,342,388
3,2017,New York Giants,3,13,0,0.188,246,388
0,2017,Pittsburgh Steelers,13,3,0,0.813,406,308
1,2017,Baltimore Ravens,9,7,0,0.563,395,303
2,2017,Cincinnati Bengals,7,9,0,0.438,290,349
3,2017,Cleveland Browns,0,16,0,0.0,234,410
0,2017,Minnesota Vikings,13,3,0,0.813,382,252
1,2017,Detroit Lions,9,7,0,0.563,410,376
2,2017,Green Bay Packers,7,9,0,0.438,320,384
3,2017,Chicago Bears,5,11,0,0.313,264,320
0,2017,Jacksonville Jaguars,10,6,0,0.625,417,268
1,2017,Tennessee Titans,9,7,0,0.563,334,356
2,2017,Indianapolis Colts,4,12,0,0.25,263,404
3,2017,Houston Texans,4,12,0,0.25,338,436
0,2017,New Orleans Saints,11,5,0,0.688,448,326
1,2017,Carolina Panthers,11,5,0,0.688,363,327
2,2017,Atlanta Falcons,10,6,0,0.625,353,315
3,2017,Tampa Bay Buccaneers,5,11,0,0.313,335,382
0,2017,Kansas City Chiefs,10,6,0,0.625,415,339
1,2017,Los Angeles Chargers,9,7,0,0.563,355,272
2,2017,Oakland Raiders,6,10,0,0.375,301,373
3,2017,Denver Broncos,5,11,0,0.313,289,382
0,2017,Los Angeles Rams,11,5,0,0.688,478,329
1,2017,Seattle Seahawks,9,7,0,0.563,366,332
2,2017,Arizona Cardinals,8,8,0,0.5,295,361
3,2017,San Francisco 49ers,6,10,0,0.375,331,383
0,2018,New England Patriots,11,5,0,0.688,436,325
1,2018,Miami Dolphins,7,9,0,0.438,319,433
2,2018,Buffalo Bills,6,10,0,0.375,269,374
3,2018,New York Jets,4,12,0,0.25,333,441
0,2018,Dallas Cowboys,10,6,0,0.625,339,324
1,2018,Philadelphia Eagles,9,7,0,0.563,367,348
2,2018,Washington Redskins,7,9,0,0.438,281,359
3,2018,New York Giants,5,11,0,0.313,369,412
0,2018,Baltimore Ravens,10,6,0,0.625,389,287
1,2018,Pittsburgh Steelers,9,6,1,0.594,428,360
2,2018,Cleveland Browns,7,8,1,0.469,359,392
3,2018,Cincinnati Bengals,6,10,0,0.375,368,455
0,2018,Chicago Bears,12,4,0,0.75,421,283
1,2018,Minnesota Vikings,8,7,1,0.531,360,341
2,2018,Green Bay Packers,6,9,1,0.406,376,400
3,2018,Detroit Lions,6,10,0,0.375,324,360
0,2018,Houston Texans,11,5,0,0.688,402,316
1,2018,Indianapolis Colts,10,6,0,0.625,433,344
2,2018,Tennessee Titans,9,7,0,0.563,310,303
3,2018,Jacksonville Jaguars,5,11,0,0.313,245,316
0,2018,New Orleans Saints,13,3,0,0.813,504,353
1,2018,Atlanta Falcons,7,9,0,0.438,414,423
2,2018,Carolina Panthers,7,9,0,0.438,376,382
3,2018,Tampa Bay Buccaneers,5,11,0,0.313,396,464
0,2018,Kansas City Chiefs,12,4,0,0.75,565,421
1,2018,Los Angeles Chargers,12,4,0,0.75,428,329
2,2018,Denver Broncos,6,10,0,0.375,329,349
3,2018,Oakland Raiders,4,12,0,0.25,290,467
0,2018,Los Angeles Rams,13,3,0,0.813,527,384
1,2018,Seattle Seahawks,10,6,0,0.625,428,347
2,2018,San Francisco 49ers,4,12,0,0.25,342,435
3,2018,Arizona Cardinals,3,13,0,0.188,225,425
0,2019,New England Patriots,12,4,0,0.75,420,225
1,2019,Buffalo Bills,10,6,0,0.625,314,259
2,2019,New York Jets,7,9,0,0.438,276,359
3,2019,Miami Dolphins,5,11,0,0.313,306,494
0,2019,Philadelphia Eagles,9,7,0,0.563,385,354
1,2019,Dallas Cowboys,8,8,0,0.5,434,321
2,2019,New York Giants,4,12,0,0.25,341,451
3,2019,Washington Redskins,3,13,0,0.188,266,435
0,2019,Baltimore Ravens,14,2,0,0.875,531,282
1,2019,Pittsburgh Steelers,8,8,0,0.5,289,303
2,2019,Cleveland Browns,6,10,0,0.375,335,393
3,2019,Cincinnati Bengals,2,14,0,0.125,279,420
0,2019,Green Bay Packers,13,3,0,0.813,376,313
1,2019,Minnesota Vikings,10,6,0,0.625,407,303
2,2019,Chicago Bears,8,8,0,0.5,280,298
3,2019,Detroit Lions,3,12,1,0.219,341,423
0,2019,Houston Texans,10,6,0,0.625,378,385
1,2019,Tennessee Titans,9,7,0,0.563,402,331
2,2019,Indianapolis Colts,7,9,0,0.438,361,373
3,2019,Jacksonville Jaguars,6,10,0,0.375,300,397
0,2019,New Orleans Saints,13,3,0,0.813,458,341
1,2019,Atlanta Falcons,7,9,0,0.438,381,399
2,2019,Tampa Bay Buccaneers,7,9,0,0.438,458,449
3,2019,Carolina Panthers,5,11,0,0.313,340,470
0,2019,Kansas City Chiefs,12,4,0,0.75,451,308
1,2019,Denver Broncos,7,9,0,0.438,282,316
2,2019,Oakland Raiders,7,9,0,0.438,313,419
3,2019,Los Angeles Chargers,5,11,0,0.313,337,345
0,2019,San Francisco 49ers,13,3,0,0.813,479,310
1,2019,Seattle Seahawks,11,5,0,0.688,405,398
2,2019,Los Angeles Rams,9,7,0,0.563,394,364
3,2019,Arizona Cardinals,5,10,1,0.344,361,442
0,2020,Buffalo Bills,13,3,0,0.813,501,375
1,2020,Miami Dolphins,10,6,0,0.625,404,338
2,2020,New England Patriots,7,9,0,0.438,326,353
3,2020,New York Jets,2,14,0,0.125,243,457
0,2020,Washington Football Team,7,9,0,0.438,335,329
1,2020,New York Giants,6,10,0,0.375,280,357
2,2020,Dallas Cowboys,6,10,0,0.375,395,473
3,2020,Philadelphia Eagles,4,11,1,0.281,334,418
0,2020,Pittsburgh Steelers,12,4,0,0.75,416,312
1,2020,Baltimore Ravens,11,5,0,0.688,468,303
2,2020,Cleveland Browns,11,5,0,0.688,408,419
3,2020,Cincinnati Bengals,4,11,1,0.281,311,424
0,2020,Green Bay Packers,13,3,0,0.813,509,369
1,2020,Chicago Bears,8,8,0,0.5,372,370
2,2020,Minnesota Vikings,7,9,0,0.438,430,475
3,2020,Detroit Lions,5,11,0,0.313,377,519
0,2020,Tennessee Titans,11,5,0,0.688,491,439
1,2020,Indianapolis Colts,11,5,0,0.688,451,362
2,2020,Houston Texans,4,12,0,0.25,384,464
3,2020,Jacksonville Jaguars,1,15,0,0.063,306,492
0,2020,New Orleans Saints,12,4,0,0.75,482,337
1,2020,Tampa Bay Buccaneers,11,5,0,0.688,492,355
2,2020,Carolina Panthers,5,11,0,0.313,350,402
3,2020,Atlanta Falcons,4,12,0,0.25,396,414
0,2020,Kansas City Chiefs,14,2,0,0.875,473,362
1,2020,Las Vegas Raiders,8,8,0,0.5,434,478
2,2020,Los Angeles Chargers,7,9,0,0.438,384,426
3,2020,Denver Broncos,5,11,0,0.313,323,446
0,2020,Seattle Seahawks,12,4,0,0.75,459,371
1,2020,Los Angeles Rams,10,6,0,0.625,372,296
2,2020,Arizona Cardinals,8,8,0,0.5,410,367
3,2020,San Francisco 49ers,6,10,0,0.375,376,390
0,2021,Buffalo Bills,11,6,0,0.647,483,289
1,2021,New England Patriots,10,7,0,0.588,462,303
2,2021,Miami Dolphins,9,8,0,0.529,341,373
3,2021,New York Jets,4,13,0,0.235,310,504
0,2021,Dallas Cowboys,12,5,0,0.706,530,358
1,2021,Philadelphia Eagles,9,8,0,0.529,444,385
2,2021,Washington Football Team,7,10,0,0.412,335,434
3,2021,New York Giants,4,13,0,0.235,258,416
0,2021,Cincinnati Bengals,10,7,0,0.588,460,376
1,2021,Pittsburgh Steelers,9,7,1,0.559,343,398
2,2021,Cleveland Browns,8,9,0,0.471,349,371
3,2021,Baltimore Ravens,8,9,0,0.471,387,392
0,2021,Green Bay Packers,13,4,0,0.765,450,371
1,2021,Minnesota Vikings,8,9,0,0.471,425,426
2,2021,Chicago Bears,6,11,0,0.353,311,407
3,2021,Detroit Lions,3,13,1,0.206,325,467
0,2021,Tennessee Titans,12,5,0,0.706,419,354
1,2021,Indianapolis Colts,9,8,0,0.529,451,365
2,2021,Houston Texans,4,13,0,0.235,280,452
3,2021,Jacksonville Jaguars,3,14,0,0.176,253,457
0,2021,Tampa Bay Buccaneers,13,4,0,0.765,511,353
1,2021,New Orleans Saints,9,8,0,0.529,364,335
2,2021,Atlanta Falcons,7,10,0,0.412,313,459
3,2021,Carolina Panthers,5,12,0,0.294,304,404
0,2021,Kansas City Chiefs,12,5,0,0.706,480,364
1,2021,Las Vegas Raiders,10,7,0,0.588,374,439
2,2021,Los Angeles Chargers,9,8,0,0.529,474,459
3,2021,Denver Broncos,7,10,0,0.412,335,322
0,2021,Los Angeles Rams,12,5,0,0.706,460,372
1,2021,Arizona Cardinals,11,6,0,0.647,449,366
2,2021,San Francisco 49ers,10,7,0,0.588,427,365
3,2021,Seattle Seahawks,7,10,0,0.412,395,366
0,2022,Buffalo Bills,13,3,0,0.813,455,286
1,2022,Miami Dolphins,9,8,0,0.529,397,399
2,2022,New England Patriots,8,9,0,0.471,364,347
3,2022,New York Jets,7,10,0,0.412,296,316
0,2022,Philadelphia Eagles,14,3,0,0.824,477,344
1,2022,Dallas Cowboys,12,5,0,0.706,467,342
2,2022,New York Giants,9,7,1,0.559,365,371
3,2022,Washington Commanders,8,8,1,0.5,321,343
0,2022,Cincinnati Bengals,12,4,0,0.75,418,322
1,2022,Baltimore Ravens,10,7,0,0.588,350,315
2,2022,Pittsburgh Steelers,9,8,0,0.529,308,346
3,2022,Cleveland Browns,7,10,0,0.412,361,381
0,2022,Minnesota Vikings,13,4,0,0.765,424,427
1,2022,Detroit Lions,9,8,0,0.529,453,427
2,2022,Green Bay Packers,8,9,0,0.471,370,371
3,2022,Chicago Bears,3,14,0,0.176,326,463
0,2022,Jacksonville Jaguars,9,8,0,0.529,404,350
1,2022,Tennessee Titans,7,10,0,0.412,298,359
2,2022,Indianapolis Colts,4,12,1,0.265,289,427
3,2022,Houston Texans,3,13,1,0.206,289,420
0,2022,Tampa Bay Buccaneers,8,9,0,0.471,313,358
1,2022,Carolina Panthers,7,10,0,0.412,347,374
2,2022,New Orleans Saints,7,10,0,0.412,330,345
3,2022,Atlanta Falcons,7,10,0,0.412,365,386
0,2022,Kansas City Chiefs,14,3,0,0.824,496,369
1,2022,Los Angeles Chargers,10,7,0,0.588,391,384
2,2022,Las Vegas Raiders,6,11,0,0.353,395,418
3,2022,Denver Broncos,5,12,0,0.294,287,359
0,2022,San Francisco 49ers,13,4,0,0.765,450,277
1,2022,Seattle Seahawks,9,8,0,0.529,407,401
2,2022,Los Angeles Rams,5,12,0,0.294,307,384
3,2022,Arizona Cardinals,4,13,0,0.235,340,449
